[
  {
    "id": 1,
    "title": "тиктактое",
    "creator": "ayozbek94@gmail.com",
    "creator_id": 1,
    "description": "ываываы",
    "html_file": "games/ayozbek94gmail.com_20251120_140532_index.html",
    "cover_image": "images/ayozbek94gmail.com_20251120_151724_i.jfif",
    "likes": 2,
    "plays": 8,
    "created_at": "2025-11-20T14:05:32.147375",
    "updated_at": "2025-11-20T16:29:26.881211",
    "comments": [
      {
        "id": 1,
        "user": "ayozbek94@gmail.com",
        "user_id": 1,
        "text": "сываыв",
        "timestamp": "2025-11-20T14:07:19.247157"
      }
    ],
    "liked_by": [
      1,
      3
    ],
    "category": "Головоломки"
  },
  {
    "id": 2,
    "title": "гонка",
    "creator": "ayozbek94@gmail.com",
    "creator_id": 1,
    "description": "проста играйте",
    "category": "Гонки",
    "html_file": "games/ayozbek94gmail.com_20251120_155236_deepseek_html_20251120_661c43.html",
    "cover_image": "images/ayozbek94gmail.com_20251120_155236_maxresdefault.jpg",
    "likes": 2,
    "plays": 1,
    "created_at": "2025-11-20T15:52:36.234225",
    "updated_at": "2025-11-20T16:29:28.036878",
    "comments": [],
    "liked_by": [
      1,
      3
    ]
  },
  {
    "id": 3,
    "title": "космос",
    "creator": "ayozbek94@gmail.com",
    "creator_id": 1,
    "description": "просто играйте поставти лайк",
    "category": "Аркады",
    "html_file": "games/ayozbek94gmail.com_20251120_155327_deepseek_html_20251120_49f054.html",
    "cover_image": "images/ayozbek94gmail.com_20251120_155327_unnamed.png",
    "likes": 2,
    "plays": 1,
    "created_at": "2025-11-20T15:53:27.464494",
    "updated_at": "2025-11-20T16:29:28.949621",
    "comments": [],
    "liked_by": [
      1,
      3
    ]
  },
  {
    "id": 4,
    "title": "кликер",
    "creator": "ayozbek94@gmail.com",
    "creator_id": 1,
    "description": "кликейти и собирайти очко",
    "category": "Аркады",
    "html_file": "games/ayozbek94gmail.com_20251120_161501_deepseek_html_20251120_ada60c.html",
    "cover_image": "images/ayozbek94gmail.com_20251120_161501_capsule_616x353.jpg",
    "likes": 1,
    "plays": 2,
    "created_at": "2025-11-20T16:15:01.153203",
    "updated_at": "2025-11-20T16:29:24.636179",
    "comments": [],
    "liked_by": [
      3
    ]
  },
  {
    "id": 5,
    "title": "угадай число",
    "creator": "ayozbek94@gmail.com",
    "creator_id": 1,
    "description": "кто лучше",
    "category": "Головоломки",
    "html_file": "games/ayozbek94gmail.com_20251120_162240_deepseek_html_20251120_3e397f.html",
    "cover_image": "images/ayozbek94gmail.com_20251120_162240_i.jfif",
    "likes": 1,
    "plays": 2,
    "created_at": "2025-11-20T16:22:40.052433",
    "updated_at": "2025-11-21T08:15:17.844372",
    "comments": [],
    "liked_by": [
      3
    ]
  },
  {
    "id": 6,
    "title": "змейка",
    "creator": "Komil",
    "creator_id": 3,
    "description": "с помним прошли",
    "category": "Стратегии",
    "html_file": "games/Komil_20251120_162907_deepseek_html_20251120_0cebcb.html",
    "cover_image": "images/Komil_20251120_162907_pjpg526x314.jfif",
    "likes": 1,
    "plays": 1,
    "created_at": "2025-11-20T16:29:07.595767",
    "updated_at": "2025-11-20T16:29:52.073006",
    "comments": [],
    "liked_by": [
      3
    ]
  }
]